country,director,genre,imdb_rating,title,year
Россия,Никита Михалков,документальный фильм,,55,2007
Австралия,Мулари К. Теллури […],драматический фильм,6.8,2:37,2006
Бразилия,Марко Фиорито,порнофильм и ЛГБТ-фильм,4.2,2 Girls 1 Cup,2007
Индия,Раджкумар Хирани,комедия / драма,8.4,3 идиота,2009
Франция,Жан-Луи Гийерму,комедия,3.8,2 дурня в снегу,1977
США,Рассел Малкэхи,биографическая спортивная драма,6.7,3: История Дейла Эрнхардта,
Россия,Сергей Соловьёв,драма,4.7,2-Асса-2,2008
США,Гэбриэль Коуэн,драма,4.6,3 ночи в пустыне,2014
США Австралия,Пол Карри (англ.) ( рус.,триллер,5.7,2:22,2017
США,Бенни Бум,байопик драма боевик,5.9,2pac: Легенда,2017
Канада,Манон Брайан,комедия,6.6,2 секунды,1998
Франция Великобритания,Хьюго Желен,Музыка к фильму,7.3,2+1,2016
США,Шон Уолтман Чайна,порнофильм,2.6,1 Night in China,2004
США,Нил Бёргер,комедийная драма,7.0,1+1: Голливудская история,2017
СССР,Амасий Мартиросян,комедия,7.7,01-99,1959
СССР,Генрих Габай,"драма, приключения",7.9,49 дней,1962
Франция Германия,Жюли Дельпи,комедия драма мелодрама,6.7,2 дня в Париже,2007
США,Ив Симоно.,"боевик, драма, криминал.",6.3,44 минуты: Бойня в северном Голливуде,2003
Великобритания,Эндрю Хэйг,драма,7.1,45 лет,2015
США Япония,Карл Ринш,фэнтези боевик драма,6.2,47 ронинов,2013
США,Гари Леннон,драма,5.5,45-й калибр,2006
США,Николас Рэй,"драма, исторический, военный",6.7,55 дней в Пекине,1963
Испания Мексика,Мануэль Мартин Куенка,драма комедия,6.5,Автор,2017
США,Дж. Стюарт Блэктон,драма,7.7,Автомобильные воры,
Франция Нью-Йорк (съёмки) Германия (съёмки) Сибирь (съёмки),Жорж Мельес,фантастика,5.5,Автопробег «Париж — Нью-Йорк»,1908
СССР,Ролан Быков,комедия музыкальный фильм сказка,6.7,"Автомобиль, скрипка и собака Клякса",1974
СССР,Леонид Пчёлкин,драматический фильм,6.2,Активная зона,1979
Россия,Игорь Калёнов,исторический фильм боевик,4.8,Александр. Невская битва,2008
Россия,Александр Сокуров,драма,6.8,Александра,2007
США / Мексика,Дамиано Дамиани,ужасы / триллер,5.6,Амитивилль 2: Одержимость,1982
СССР,"Герберт Раппапорт, Виктор Эйсымонт",кинобиография,7.0,Александр Попов,1949
США Мексика,Ричард Флейшер,ужасы / триллер,4.2,Амитивилль 3-D,1983
США,Стивен Спилберг […],историческая драма,7.3,Амистад,1997
Италия,Джо Д'Амато,фильм ужасов,5.3,Антропофаг,1980
СССР,Александр Сурин,"социальная драма, производственный фильм",5.7,Антрацит,1971
Франция,Жак Беккер,комедия,7.4,Антуан и Антуанетта,1947
США,Даг Эллин,комедия драма,6.5,Антураж,2015
Россия,Александр Згуриди,драма,5.7,Балерина,1993
Чехия Великобритания Франция,Шон Эллис (англ.) ( рус.,военная драма,7.2,Антропоид,2016
США,Уинчел Смит,комедия,6.1,Балда,1920
США,Джозеф Гузман,триллер,4.1,"Беги, сука, беги",2009
США,Ричард Доннер,приключенческий фильм комедия,7.7,Балбесы,1985
Германия,Том Тыквер,триллер,7.7,"Беги, Лола, беги",1998
СССР,Владимир Роговой,комедия,6.8,Баламут,1978
Турция,Али Озгентюрк,драма,6.3,Балалайка,2000
Германия,Дитрих Брюггеманн,драма,7.2,"Беги, если сможешь!",2010
Франция Бельгия Великобритания,Себастьен Лифшиц,драма,6.4,Безумие,2004
Россия,Карен Шахназаров,военная фантастика,6.1,«Белый тигр»,2012
"Великобритания, Ирландия",Дэвид Маккензи,"драма, мелодрама, триллер",6.1,Безумие,2005
США,Дэнни Хьюстон,триллер,4.8,Безумие,1995
Россия,Алиса Хазанова,драма детектив психологический триллер,6.1,Белый список,2023
США Индия,Рамин Бахрани,драматический фильм,7.1,Белый тигр,2021
США,Джонатан Левайн,драма,6.9,Безумие,2008
США,Скотт Маршалл,"комедия, драма",3.9,Блондинка с амбициями,2007
Канада,Дин Хэмильтон / Dean Hamilton,комедия,2.8,Блондинка и блондинка,2008
США,Сэвидж Стив Холланд,комедия,3.6,Блондинки в законе,2009
Италия Великобритания,Стефано Мордини,исторический фильм,5.8,Большая гонка. Лянча против Ауди,2024
"СССР, Чехословакия",Юрий Озеров,комедия,6.9,Большая дорога,1962
Италия Франция Германия Югославия,Джилло Понтекорво,драма,6.9,Большая голубая дорога,1957
СССР,Владимир Бортко,"трагикомедия, мелодрама",6.5,Блондинка за углом,1984
США,Эдвин Стэнтон Портер,вестерн,7.3,Большое ограбление поезда,1903
Бразилия,Маркус Балдини,драма,6.2,Бруна Сурфистинья,2011
СССР,Николай Малецкий,драма,5.6,"Будем ждать, возвращайся",
Германия,Тиль Швайгер,драма / мелодрама / комедия,7.1,Босиком по мостовой,2005
Австралия США,Джордж Миллер,семейный комедийный,5.8,Бэйб: Поросёнок в городе,1998
США,Антуан Фукуа,"боевик, драма, криминальный фильм",6.7,Бруклинские полицейские,2009
Великобритания,Радха Бхарадвадж,драма / мелодрама,5.9,Бэзил,1998
Индия,К. П. Сувиран,драматический фильм,8.2,Бьяри,2011
СССР,Баадур Цуладзе,комедия,6.3,Вальс на Мтацминде,1975
Венгрия,"Петер Бачо, Тамаш Тольмар",драматический фильм и комедийный фильм,6.8,Вальс на банановой кожуре,1987
Италия,Сальваторе Майра,драма,7.0,Вальс,2007
США,Шон Секстон Каннингем,комедия,4.9,Весенние каникулы,1983
СССР,Михаил Кауфман,документальный фильм,7.6,Весной,1929
США,Ричард Торп,музыкальный фильм биография драма,6.5,Великий Карузо,1951
СССР,"Иосиф Хейфиц, Александр Зархи",драма,,Ветер в лицо,1930
нацистская Германия,Файт Харлан,драматический фильм,6.9,Великий король,1942
Гонконг,Ло Чилёна,история с привидениями,6.2,Внутренние чувства,
Норвегия,Торун Лиан,"драма, мелодрама",5.5,Виктория: История любви,2013
США,Майк Фиггис,драматический фильм и криминальный фильм,6.5,Внутреннее расследование,1990
США,Роберт Маллиган,драма,6.1,Внутренний мир Дэйзи Кловер,1965
Великобритания,Уильям Поль,комедия,5.1,Возвращение мужа,1896
Франция США Великобритания,Жауме Кольет-Серра,детективный триллер,6.9,Воздушный маршал,2014
Великобритания,Кен Эннакин,комедия,7.0,Воздушные приключения,1965
СССР,Юрий Степчук,мелодрама,,Воздушные пешеходы,1979
СССР,Давид Рондели,"киноповесть, молодёжный",8.4,Воздушный мост,1974
США,Кен Куопис,драма семейный,6.5,Все любят китов,2012
Финляндия,Тапио Суоминен,драма,6.8,"Вот и мы, жизнь!",1980
СССР,Александр Игишев,детский фильм,6.3,Вот и лето прошло…,1972
США,Брайан Брайтил,триллер драма,4.2,Все люди лгут,2013
США,Фил Джоану,драма,7.1,Второй шанс,2006
Дания,Сюзанна Бир,триллер драма,6.8,Второй шанс,2014
Япония,Кэйсукэ Киносита,"фильм-драма, комедия",6.5,Гавань в цвету,1943
Финляндия Франция Германия,Аки Каурисмяки,драма / комедия,7.2,Гавр,2011
СССР,Вячеслав Бровкин,телеспектакль,,Гендель и гангстеры,1967
США,Кристофер Мюнх,драма,5.5,Гарри + Макс,2004
Великобритания,Уго Фрегонезе,приключенческий фильм и драматический фильм,6.2,Гарри Блэк и Тигр,1958
Россия,Роман Качанов,комедийный фильм,5.8,Гена Бетон,2013
США,Эмилио Инсолера,супергеройский фильм и боевик,7.4,Ген жестов: Первые глухие супергерои,2017
Германия Люксембург,Ангела Кристлиб,Документальный фильм,6.4,Голая опера,2013
Италия Испания Мексика,Умберто Ленци,фильм ужасов,5.6,Город зомби,1980
США,Том Льюис,фильм ужасов,2.4,Город зла,2005
США,Луис Мандоки,драма,5.7,Глаза ангела,2001
Великобритания Германия США Испания,Фрэнк Э. Флауэрс,криминальный фильм драма,5.7,Гавань,2004
Великобритания Италия,Дэвид Грин,приключенческие фильмы драма,6.9,Граф Монте-Кристо,1975
Франция Италия Германия,Жозе Дайан,"телесериал-экранизация романа, приключенческий телесериал, исторический телесериал и телесериал о любви",7.8,Граф Монте-Кристо,1998
Франция Германия Италия,Дени де Ла Пательер,экранизация исторический фильм приключенческий фильм драма мелодрама,7.6,Граф Монте-Кристо,1979
СССР,Карен Шахназаров,"трагифарс, фантастика, фантасмагория, мистика, триллер",7.4,Город Зеро,1988
СССР,Сергей Михайлович Эйзенштейн Григорий Васильевич Александров,драматический фильм,,Да здравствует Мексика!,1932
США,Дрю Пирс,"комедийный фильм, драматический фильм и фильм-триллер",7.2,Да здравствует король,2014
Великобритания,Бейзил Дин,драма,6.1,Двадцать один день,1940
Франция,Люсьен Нонге Фернан Зекка Альбер Капеллани,исторический фильм,5.0,Дело Дрейфуса,1908
США Великобритания,Дон Бойд,драма,5.2,Двадцать один год,1991
США,Джордж Сидни […],романтическая комедия и музыкальный фильм […],6.3,Да здравствует Лас-Вегас!,2007
СССР,Ион Мижа,музыкальный фильм,,Днестровские мелодии,
Германия,Вольфганг Беккер,Трагикомедия,7.7,"Гуд бай, Ленин!",2003
Германия,Марко Кройцпайнтнер,драма,7.3,Дело Коллини,2019
США,Золтан Корда,драма,6.6,Дело Макомбера,1947
Италия,Франческо Рози,драма фильм-биография,7.6,Дело Маттеи,1972
США,Арлин Сэнфорд,комедия приключение семейный,6.3,"Держись, Чарли!: Это Рождество!",2011
США Франция,Боаз Якин,Криминальная драма,7.5,Дерзкий,1994
Россия,Руслан Бальтцер,комедийный фильм,2.9,Дерзкие дни,2007
Италия,Нанни Лой,Комедия,7.0,Дерзкий налёт неизвестных злоумышленников,1959
Индия,Срину Вайтла,"комедийный боевик, масала и боевик",7.4,Дерзкий,2011
Франция,Клод Миллер,мелодрама драма,6.9,Дерзкая девчонка,1985
Российская империя,Владимир Гардин,драма,,Дочь улицы,1916
США,Квентин Тарантино,криминальная драма,7.5,Джеки Браун,1997
США Чили Франция,Пабло Ларраин,драма биография,6.7,Джеки,2016
Белоруссия,Денис Скворцов,Военная драма,6.5,Днепровский рубеж,2009
США,Гарри Маршалл,комедия история взросления,6.4,Дневники принцессы,2001
США,Роб Коэн,"фильм-катастрофа, боевик, триллер",5.9,Дневной свет,1996
СССР,Игорь Таланкин,биографическая драма,7.3,Дневные звёзды,1966
СССР,Инесса Селезнёва,мелодрама,7.3,Дневной поезд,1976
США,Сэм Рэйми,боевик приключения научное фэнтези с элементами ужасов супергероика,6.9,Доктор Стрэндж: В мультивселенной безумия,2022
США Германия,Роберт Олтмен,комедия / мелодрама / драма,4.7,Доктор Ти и его женщины,2000
Россия,Олег Агейчев,фэнтези драма комедия,6.1,Доминика,2017
Дания Франция Италия Бельгия Нидерланды,Брайан Де Пальма,криминальный фильм триллер,4.5,Домино,2019
Великобритания,Майкл Андерсон,фильм ужасов триллер,5.4,Доминик,1979
США,Тони Скотт,боевик криминальный фильм фильм-биография драма триллер,5.9,До́мино,2005
США,Роберт М. Янг,драма,7.0,Доминик и Юджин,1988
СССР,Василий Левин Николай Винграновский,военная драма,5.1,Дочь Стратиона,1964
США,Билли Уайлдер,драма биография,7.1,Дух Сент-Луиса,1957
Италия,Карло Лидзани,драма,6.2,Дорогой Горбачёв,1988
Польша,Михал Вашиньский,комедия,6.4,Его сиятельство шофёр,1935
Франция,Патрис Шеро,драма,6.9,Его брат,2002
США,Алан Холлеб,комедия,4.1,Дух студента,1985
США,Чарли Чаплин,комедия,6.1,Его новая работа,1915
США,Майкл Уиннер,боевик,6.0,Жажда смерти 2,1982
СССР,Григорий Рошаль,драма,6.6,Его превосходительство,1927
Польша,Михал Вашиньский,комедия,6.9,Его превосходительство субъект,1933
США,Чарльз Чаплин,комедия,5.9,Его новая профессия,1914
США,Майкл Уиннер,"детектив, боевик",5.8,Жажда смерти 3,1985
СССР,Юлий Карасик,киноповесть,5.9,Ждите писем,1960
СССР,Отар Коберидзе,"военный фильм, драма",5.7,Ждите связного,1979
Мексика,Луис Бунюэль,драма,8.2,Забытые,1950
США,Джеймс Кич,боевик военный детектив,5.9,Забытые,
СССР Италия,Григорий Чухрай,драма,6.5,Жизнь прекрасна,1980
Аргентина,Лукресия Мартель,драматический фильм,6.7,Зама,2017
США,Дэвид де Врис,"Документальное кино, постапокалиптика",7.5,Жизнь после людей,
ГДР,Эгон Шлегель,детский фильм,6.6,Залп Ноева ковчега,1983
США,Джозеф Рубен,фантастика / триллер,5.8,Забытое,2004
СССР,Сергей Юткевич,музыкальная киноповесть,6.0,"Здравствуй, Москва!",1945
США,Анатоль Литвак,драма,7.6,Змеиная яма,1948
США Болгария,Дэвид Флорес,"ужасы, фантастика",2.8,Змеиная битва,2004
Индия,Нихил Адвани,мелодрама,5.2,"Здравствуй, любовь!",2007
СССР,Родион Нахапетов,Мелодрама,6.7,Зонтик для новобрачных,1986
США,Феликс Фейст,фантастика,6.6,Зонд,1965
США,М. Найт Шьямалан,"триллер, фантастика",6.8,Знаки,2002
США,Керстен Джонсон,Биографическая драма,,Зонтаг,
Канада,Джим Дрейк,комедия,4.5,Зона скорости,1989
США,Джон Ирвин,триллер криминальный фильм,6.1,Зона преступности,1997
Россия Германия Франция,Иван Твердовский,комедийная драма,6.4,Зоология,2016
США,Эрни Барбараш,"боевик, триллер",6.1,Игры киллеров,2011
СССР,Арво Ихо Лейда Лайус,драма,7.3,Игры для детей школьного возраста,1985
США,Норман Джуисон,мюзикл,7.3,Иисус Христос — суперзвезда,1973
Гонконг Япония,Дерек Эр Дуншэн,драма триллер,6.9,Инцидент в Синдзюку,2009
США,Грегор Джордан,драма криминальный фильм триллер,4.9,Информаторы,2008
США,Джордж Фостер Платт,драма фильм-биография,6.6,Избавление,1919
Франция Великобритания,Даниэль Томпсон,"комедия, мелодрама",6.1,История любви,2002
США,Энтони Манн,Фильм нуар,7.0,Инцидент на границе,1949
СССР,Себастьян Аларкон,притча,5.3,История одной бильярдной команды,1988
США,Уильям Кили,Криминальная мелодрама,7.2,Каждое утро я умираю,1939
США,Билл Ребейн,ужасы научная фантастика,3.9,Инцидент Альфа,1978
Италия США,Риккардо Фреда Марио Бава,фильм ужасов,5.9,"Калтики, бессмертный монстр",1959
Италия Франция,Джорджио Капитани,драма,6.4,Каллас и Онассис,2005
Франция Канада,Роджер Эвери,комедийный боевик,5.1,Киллер по вызову,2019
Великобритания,Питер Уоткинс,докудрама военный исторический,7.8,Каллоден,1964
США,Уильям Фридкин,триллер чёрная комедия,6.7,Киллер Джо,2011
СССР,Георгий Данелия,фантастика антиутопия трагикомедия сатира,7.9,Кин-дза-дза!,1986
Япония,Кон Итикава,фильм-драма,7.0,Комната насилия,1956
Германская империя,Йозеф Дельмонт,драма,5.7,Клуб самоубийц,1913
Иран,Аббас Киаростами,Драма,7.2,Копия верна,2010
Россия,Фёдор Попов,драма военный,5.5,Коридор бессмертия,2019
Норвегия Швеция,Эрик Густавсон,"фэнтези, драма, история",5.8,Коридоры времени ( в некоторых источниках - Мир Софии),1999
Франция Португалия,Анджей Жулавский,"драма, триллер",5.7,Космос,2015
Испания Россия Латвия Литва,Николас Алькала,"научная фантастика, драма",4.0,Космонавт,2013
США,Уоррен Битти,эпическая историческая военная драма фильм-биография,7.3,Красные,1981
Великобритания,Майкл Пауэлл Эмерих Прессбургер,драма мелодрама музыкальный фильм,8.1,Красные башмачки,1948
США,Дэвид ДеКото,"фильм ужасов, постапокалиптика",4.0,Крипозоиды,1987
Великобритания Германия,Кристофер Смит,фильм ужасов,5.6,Крип,2004
США,Чак Винсент,"комедия, эротика",4.2,Крутые девчата,1987
Гонконг Китайская Республика,Лун Цзянь,боевик драма,6.5,Кунг-фу Ммама,1973
СССР,Сергей Ашкенази,триллер детективный фильм,7.5,Криминальный талант,1988
США Швеция,Дэвид Сандберг,фантастика боевик комедия,,Кунг Фьюри 2,
Украина,Игорь Негреску,документальная драма,,Мельница,2003
СССР,Григорий Мелик-Авакян,сатирическая комедия,,Мелочь,1954
Россия,Джаник Файзиев Иван Шурховецкий,исторический военный биографический фэнтези,6.2,Легенда о Коловрате,2017
СССР,Валерий Лонской,драма,7.1,Летаргия,1983
Германия,Вильгельм Тиле,музыкальный фильм и драматический фильм,7.1,Личная секретарша,1931
США,Джон Туртурро,романтическая комедия мюзикл,6.2,Любовь и сигареты,2005
США,Дэниэл Йост,драма,6.4,Любовь & Секс и т.п.,1996
Италия,Марио Ланфранки (итал.) ( рус.,"фильм - опера, музыкальный фильм, драма, мелодрама",7.8,Мадам Баттерфляй,1956
Россия,Виктор Сергеев,"драма, мелодрама",6.2,"Любовь, предвестие печали…",1994
Япония,Хэйноскэ Госё,драма,6.6,Мать и одиннадцать детей,1966
Германия Россия,Александр Сокуров,драма,7.3,Мать и сын,1997
СССР ЗСФСР,Александр Литвинов,драма детектив,,На разных берегах,1926
Великобритания,Кен Рассел,"драма, музыкальный фильм",7.0,Малер,1974
США,Роджер Камбл,"мелодрама, комедия",5.2,Милашка,2002
Индия,Мехбуб Хан,драма / музыкальный / семейный,7.8,Мать Индия,1957
Польша,Ежи Кавалерович,драма,7.5,Мать Иоанна от ангелов,1961
Бутан,Нетен Чоклинг,боевик приключенческий фильм фильм-биография драма,7.0,Миларепа,2006
Франция,Жак Тати,комедия,7.7,Мой дядя,1958
СССР,Андрис Розенбергс,детский фильм,,Мой друг Сократик,1984
США,Фред Циннеман,драма,7.1,Мужчины,1950
США Германия,Джон Эйрс,фантастика / боевик,4.5,Монолит,1993
Канада,Манон Бриан,"приключенческий фильм, фильм-биография, драма",6.8,Мэрилин Белл,2001
Италия,Тинто Брасс Мауро Болоньини Луиджи Коменчини,комедийный фильм,6.3,Моя госпожа,1964
Россия,Ольга Зуева,криминал драма,2.8,На районе,2018
США,Стивен Фрирз,триллер драма,5.8,Мэри Райли,1996
Россия,Михаил Мамедов,драма исторический фильм военный,,"Неистовый, яростный, бешеный…",2011
США,Хесус Франко,комедия эротика,3.5,Мэри-Куки и тарантул-убийца,1998
США,Джон Паттерсон,биографическая драма,5.7,Мэрилин и я,1991
США,Даг МакГенри,комедия,5.5,На том свете,2001
"Россия, Беларусь",Елена Цыплакова,драма,6.9,На тебя уповаю,1992
США,Джеральд Майер,Фильм нуар,6.8,Наберите 1119,1950
США,Джад Тейлор ?!,драма мелодрама триллер,5.6,Нарушенные обеты,1987
Гонконг,Чон Чхан Хва,"боевик, драма",6.8,Нарушенная клятва,1977
Великобритания Франция США,Джулиус Берг,фильм ужасов,5.0,Не входи,2020
США,Рик Фридберг,"комедия, пародия, боевик",5.3,Неистребимый шпион,1996
США,Деррик Борте,"триллер, боевик",6.0,Неистовый,2020
США,Сет Гордон,комедия,6.9,Несносные боссы,2011
Индия,Ревати,драма,6.2,Не всё потеряно,2004
США,Тэйлор Хэкфорд,боевик приключения криминал,5.9,Несмотря ни на что,1984
Чехословакия,Отакар Вавра,"психологическая драма, экранизация",6.9,Ночной гость,1961
США Гонконг,Дэвид Джексон,"боевик, триллер",5.1,Ночной дозор,
США,Джей Роуч,"фильм-ограбление, комедия, криминал",,Одиннадцать друзей Оушена,2024
США,Барт Фрейндлих,мелодрама комедия,6.3,Нянька по вызову,2009
Россия,Алексей Пиманов,спортивный фильм и драматический фильм,5.2,Одиннадцать молчаливых мужчин,2022
США,Стивен Содерберг,Криминальный триллер комедия фильм-ограбление приключения,7.7,Одиннадцать друзей Оушена,2001
Япония,Масаки Кобаяси,фильм-драма,7.5,Окаменелость,1975
Российская империя,Александр Волков,драма,,Пляска смерти,1916
США,Джон Шлезингер,триллер,6.2,Око за око,1996
Россия,Станислав Мареев,комедия,4.8,"Особенности национальной подледной ловли, или Отрыв по полной",2007
Россия,Александр Рогожкин,комедия,6.4,Особенности национальной охоты в зимний период,2000
США,Лин Одинг,"ужасы, боевик, комедия",5.7,Офисный беспредел,2018
США,Майк Джадж,комедия криминальный фильм,7.6,Офисное пространство,1999
Индия,Санджай Лила Бхансали,драматический фильм и романтический фильм,7.1,Падмавати,2018
СССР,Георгий Натансон,"драма, экранизация",,Палата,1964
СССР,"Ефим Дзиган, Михаил Чиаурели",исторический фильм драма военный,6.1,Первый корнет Стрешнев,1928
США,Клинт Иствуд,"драма, военный, исторический",7.8,Письма с Иводзимы,2006
Португалия,Иво Феррейра,драматический фильм,6.7,Письма с войны,2016
США,Уильям Диксон,танцевальный фильм и немое кино,5.2,Пляска духа племени сиу,1894
США Германия Канада,Майк П Нельсон,фильм ужасов,5.5,Поворот не туда: Наследие,2021
США,Валерий Милев,Слэшер,4.1,Поворот не туда 6: Последний курорт,2014
Канада,Сидни Дж. Фьюри,военный фильм,5.2,Поле боя,2001
США,Эми Коппелман,драматический фильм,6.1,Полный рот воздуха,
Канада Германия,Атом Эгоян,"драма, триллер",7.5,Помнить,2015
США,Роджер Кристиан,фантастический боевик,2.5,Поле битвы: Земля,2000
СССР,Янис Стрейч,драма,6.7,Помнить или забыть,1981
США,Джеффри Хейли,драма,6.2,Последнее слово,2008
Италия Франция Великобритания,Fabrizio Bentivoglio Laura Morante Monica Bellucci Nicoletta Romanoff Silvio Muccino Gabriele Lavia,"романтический фильм, драматический фильм и комедийный фильм",6.4,Помни обо мне,2003
СССР,Григорий Никулин,военная драма,7.5,"Помни, Каспар…",1964
Канада,Майкл Ситер,подростковое кино комедия,5.4,Последние дни Сэйди на Земле,2016
Аргентина Испания,Гастон Дюпра Мариано Кон,драма комедия,7.5,Почётный гражданин,2015
Великобритания США Франция Швеция,Роуэн Жоффе,драма триллер,6.3,Прежде чем я усну,2014
США,Джин Квинтано,авантюрная комедия,5.8,Почему я?,1990
Германия Великобритания Ирландия,Энтони Хикокс,боевик приключения,5.0,Принц Вэлиант,1997
Чехословакия,Антонин Кахлик,"фильм-сказка, семейное кино, фэнтези",6.0,Принц Баяя,1971
Япония,Тому Утида,фильм-драма,6.9,Пятеро под землёй,1957
СССР,Игорь Шешуков,Драма,,Пространство для манёвра,1982
Канада США,Сюзанна Фогель,биографический фильм,7.8,Реальная история Уиннер,2024
Великобритания США,Ричард Кёртис,трагикомедия,7.6,Реальная любовь,2003
Великобритания,Альфред Хичкок,драма мелодрама триллер,6.1,Ринг,1927
Гонконг,Джо Чён,"боевик, комедия",6.2,Роза,1986
США,Марк Райделл,драма,6.9,Роза,1979
Россия Дания Швеция Великобритания,Мортен Арнфред,мелодрама / триллер,5.7,Русская певица,1993
СССР,"Владимир Бойков, Борис Небылицкий",хроникально-документальный фильм,,Служу Советскому Союзу,1968
Великобритания Германия,Сандра Голдбахер,драма,6.7,С тобой и без тебя,2001
США,Майкл С. Охеда,триллер ужасы,5.2,Русская невеста,2019
Словакия Франция Чехия,Мартин Шулик,"драматический фильм, комедийный фильм и ток-шоу",7.6,Сад,1995
Великобритания ФРГ,Дерек Джармен,драма,6.4,Сад,1990
СССР,Пётр Тодоровский,"драма, экранизация",7.0,Своя земля,1973
Франция,Франсис Леруа (основной) Франсуа Жуффа (репортажная съёмка),эротика / комедия / псевдодокументалистика,4.2,Секс и перестройка,1990
Франция,Жерар Куран,документальный,6.1,Синематон,
США Великобритания Словакия,Роб Коэн,"приключенческий фильм, фэнтези, драма",6.4,Сердце дракона,1996
США,Гас Ван Сент,драма,7.1,Слон,2003
СССР,Илья Фрэз,семейный фильм,6.4,Слон и верёвочка,1945
США,Мигель Артета,комедия,6.3,Совсем не бабник,2011
Великобритания,Кристофер Монгер,комедия,6.0,Совсем как женщина,1992
Турция,Йылмаз Эрдоган,драма,7.7,Сон бабочки,2013
Россия,Ольга Акатьева,триллер драма,4.0,Соври мне правду,2021
США,Джо Нуссбаум,семейный фэнтези,5.4,Совсем другая магия,
Великобритания,Дин Пакетт,фильм ужасов,,Сорока,
СССР,Гунар Пиесис,мелодрама,,Твой сын,1978
СССР,Лев Кулешов,"документальный, политпросвет, мультипликация, экспериментальный, немое кино",6.7,Сорок сердец,1931
Япония,Садао Яманака,"фильм-драма, комедия, дзидайгэки",7.1,Сосюн Котияма,1936
США,Хэл Роуч,комедия,6.9,Спросить отца,1919
США,Стив Рэш,Комедия,6.2,Спросите Синди,2001
США Швейцария Великобритания Франция Италия,Фред Хайнс,драма,6.0,Степной волк,1974
Франция ФРГ,Хесус Франко,фильм ужасов эротика,5.3,Суккуб,1968
Россия,Ким Дружинин,"приключения, боевик, псевдо-история",4.9,Танки,2018
США Израиль,Йосеф Сидар,драматический фильм,6.1,Стратегия Оппенгеймера,2016
Франция,Жан Деланнуа,исторический фильм биографический фильм драма мелодрама,6.4,Тайна Майерлинга,1949
США,Марвин Чомски,боевик,5.7,Танк,1984
США,Мик Джексон,"мелодрама, триллер, музыкальный фильм",6.4,Телохранитель,1992
Ирландия Великобритания США,Пэт О'Коннор,Саундтрек,6.3,Танцы во время Луназы,1998
СССР,Александр Файнциммер,драма / производственный / приключенческий,5.8,Танкер «Дербент»,1941
США Югославия,Божидар Николич ru sr,драма / мелодрама,5.4,Тёмная сторона солнца,1988
Россия Белоруссия,Александр Ефремов,"военный, мелодрама",,Танкист,2016
СССР,"Александр Бланк, Сергей Линков",приключенческий фильм,6.2,Тимур и его команда,
США,,Музыкальный фильм,6.9,Тихая ночь,1937
Индия,Пуджа Бхатт,"драма, триллер, эротика",3.1,Тёмная сторона желания 2,2012
Новая Зеландия,Джеф Мёрфи,фантастика драма,6.7,Тихая Земля,1985
Франция,Андрэ Калметт Шарль ле Баржи,драма,,Тоска,1909
Франция Гаити,Рауль Пек,драма,7.1,Тропический молох,
США,Спайк Ли,драма,6.6,Тропическая лихорадка,1991
Россия,Евгений Татарский,драма,5.6,Тюремный романс,1993
США,Роберт Борис,комедия,5.0,Тюремная биржа,1987
СССР,Николай Розанцев,,5.4,Убит при исполнении,1977
США,Глен Морган,ужасы / триллер / драма,6.1,Уиллард,2003
США,Дэн Милнер,ужасы,3.6,Фантом с глубины 10 000 лиг,1955
СССР Франция,Никита Михалков,притча,7.6,Урга — территория любви,1991
США,Роберт Земекис,комедийная драма,8.8,Форрест Гамп,1994
США,Джозеф Рубен,"триллер, драма",6.9,Форс-мажор,1998
США,Киони Ваксман,боевик,4.4,Хороший человек,2014
США ЮАР,Брюс Бересфорд,комедия,5.0,Хороший человек в Африке,1994
США Канада,Джон Ву,фантастика / боевик,6.3,Час расплаты,2003
Япония,Масаки Кобаяси,драма,7.2,Чёрная река,1957
Великобритания Франция,Лесли Мегахи,криминальный фильм драма исторический фильм,6.6,Час свиньи,1993
США,Джефф Блекнер,триллер фантастика,5.7,Чёрная река,2001
Чехословакия,Карел Стеклы,комедия,7.5,Швейк на фронте,1957
Италия,Ренато Польселли,фильм ужасов,5.3,Чудовище оперы,1964
СССР,Георгий Николаенко,военный драма,6.3,Шёл четвёртый год войны,1983
СССР,Вадим Зобин,"комедия, мелодрама, роуд-муви",6.6,Шофёр на один рейс,1981
"Франция, Италия",Августо Дженина,комедийный фильм,5.5,Шелест,1955
Израиль,Эял Халфон,драматический фильм,7.0,Эта прекрасная страна,2005
Великобритания США,Уилл Гейджер,"драма, мелодрама",7.1,Элвис и Анабелль,2007
США,"Грег Лански (1—3) Лоран Скай (4) Джулия Гранди, Лоран Скай (5, 6, 9) Илья Дромбелд, Лоран Скай (7) Дерек Дозер, Лоран Скай (8)",порнофильм,,Young Fantasies,
Канада,Терри Каннингем,фантастика,3.4,Экспедиция в преисподнюю,2005
США,"Грег Лански (1—7) Лоран Скай (8) Дерек Дозер, Илья Дромбелд, Лоран Скай (9, 10) Дерек Дозер, Джулия Гранди (11) Дерек Дозер, Джулия Гранди, Лоран Скай (12)",порнофильм,,Young & Beautiful,
СССР,Дзидра Ритенберга,молодёжная драма,7.1,Эта опасная дверь на балкон,1976
Франция,Ги Жак,комедия,5.4,Ze фильм,2005
Чехословакия,Иржи Секвенс,"драма, экранизация",6.8,"Эта минута, этот миг",1981
Россия,Святослав Подгаевский,фолк-хоррор,4.7,Яга. Кошмар тёмного леса,2020
Россия,Константин Смирнов,комедия,2.7,Zомбоящик,2018
США,Майк Руис,"электронная, поп",5.2,Starrbooty,2007
США,Рубен Флейшер,постапокалиптическая зомби-комедия,6.7,Zомбилэнд: Контрольный выстрел,2019
США,Дэн О'Коннелл,"порнофильм, ЛГБТ-фильм и лесбийские отношения в искусстве",,«Женщины в поисках женщин»,2002
Россия,Антон Борматов,комедия / мелодрама,4.0,Zолушка,2012
Исландия Новая Зеландия Швейцария,Крэйг Зобел,"научно-фантастический фильм […], постапокалиптический фильм, антиутопический фильм, экранизация романа и драматический фильм",6.0,Z — значит Захария,2015
Великобритания,Донн Алан Пеннебейкер (англ.) ( рус.,"документальный фильм, музыкальный фильм",7.5,Ziggy Stardust and the Spiders from Mars,1973
Россия,Кирилл Кемниц,зомби-комедия трэш,2.2,Zомби каникулы 3D,2013
США,Питер ДеЛуис,"фэнтези, комедия",5.0,Zapped. Волшебное приложение,2014
США Великобритания,Дэнни Бойл,"романтическая комедия, музыкальный фильм, фэнтези",6.8,Yesterday,2019
Польша,Радослав Пивоварский,мелодрама,6.9,Вчера,1985
США,Кайл Муни,комедийный фильм,,Y2K,
США,"Porter Gale, Laleh Soomekh","документальный, короткометражка",7.1,XXXY,2000
США,Остин Чик,Мелодрама,5.9,Логика измены,2002
Великобритания,Морган Мэтьюз,"комедийная драма, подростковый фильм, история взросления и драматический фильм",7.1,X+Y,2014
Аргентина Испания Франция,Лусия Пуэнсо,драма,7.0,Икс-Икс-Игрек,2007
Канада,Нил Бломкамп,Фантастика,5.7,Yellow,2006
США Канада,Тай Уэст,слэшер,6.5,X,2022
Япония,Вонг Карвай,Короткометражное кино,6.1,wkw/tk/1996@7′55″hk.net,1996
,Джон Т. Боун,порнофильм,6.5,World’s Biggest Gang Bang,1995
США,Джером Таннер,порнофильм,7.2,Who’s Nailin’ Paylin?,2008
США,Берт Маркус,документальный,7.0,"То, что мы начали",2017
США,Дэвид Уорк Гриффит,мелодрама,5.5,What the Daisy Said,1910
"Япония, США",Питер Мак,музыка к аниме,5.6,Wicked City,1992
США,Роберт Бака Джош Риззо,документальный фильм,6.2,Welcome to Macintosh,2008
США,Сторми Дэниэлс,порнофильм,6.3,Wanted,2015
Россия,Станислав Говорухин,"детективный триллер, нуар, драма",5.9,Weekend,2013
США,Том ДиЧилло,Документальный,7.6,Когда ты странный,2009
СССР,Иван Василёв,"комедия, эротический фильм",4.1,Veniks. Половые щётки,1991
США Республика Корея,Майкл Кан,криминальная драма,6.0,West 32nd,2007
Япония,Синъя Цукамото,драма / триллер,6.7,Витал,2004
США,см. раздел,порнофильм,,Tushy Raw,
Гонконг,"Джеф Флороу, Эдвин Ли, Шон Се, Маркус Цуй",политический триллер,4.9,Verax,2013
Республика Корея,Пак Хун Джон,триллер,6.6,V.I.P.,2017
США,Кеннет Джонсон,научная фантастика,7.8,V,
США Великобритания Германия,Джеймс Мактиг,боевик фантастический фильм драма антиутопия супергероика,8.2,V — значит вендетта,2005
Малайзия,Амир Мухаммад,документальный,7.1,Village People Radio Show,2007
США,Брэд Фурман,криминал драма триллер,5.6,Va-банк,2013
Россия,Руслан Бальтцер,комедия приключения,3.9,V Центурия. В поисках зачарованных сокровищ,2010
США,Аарон Эйтс Одри Юэлл,Документальный,7.0,Until the Light Takes Us,2009
США,Рики Гринвуд,"порнофильм, драма",,Под вуалью,2021
Канада,Аллан Унгар,боевик приключения короткометражка,8.4,Uncharted,2018
США,Даррен Доан ( Darren Doane ),документальное кино,3.3,Непреодолимый,2013
США,Эндрю Абрахамс,документальный фильм,7.8,Under Our Skin,2008
США,Джон Биндер,научная фантастика,6.2,UFOria,1985
США,Кэтрин Оуэнс Марк Пеллингтон,"концерт, рок-музыка",8.4,U2 3D,2008
Великобритания,Джейми Адамс,триллер,,Turn Up The Sun!,
США,Тони Гиглио,военный триллер,6.0,U-429: Подводная тюрьма,2004
США,Мэйсон,порнофильм,7.4,Tori Black Is Pretty Filthy,2009
США,Роар Утхауг,"приключения, боевик",6.3,Tomb Raider: Лара Крофт,2018
США,Гейл Ферраро,документальный,7.8,To Catch a Dollar,2010
Финляндия Швеция Дания Германия США,Доме Карукоски,"драма, фильм-биография",6.8,Tom of Finland,2017
США,Трей Паркер,комедия,7.0,Искажённое время,1995
Швеция Дания,Ганс Абрамсон,"интерсекс-фильм, драматический фильм и экранизация литературного произведения",5.0,Tintomara,1970
Япония,Кэнтаро Хагивара,"Фэнтези, ужасы, боевик, триллер",5.7,Токийский Гуль,2017
США,Джордж Лукас,фантастика антиутопия драма триллер,6.6,THX 1138,1971
США,Дэвид Уорк Гриффит,драматический фильм,,The Voice of the Child,1911
США,Дэвид Уорк Гриффит,драматический фильм,6.5,The Welcome Burglar,1909
США,Джордж Лесси,драматический фильм,,The Twelfth Juror,1913
США,Ванесса Пэрайз,мелодрама комедия,5.5,"Беверли-Хиллз, 90210: Несанкционированная история",
Швеция,Симон Клозе,Документальный,7.4,TPB AFK,2013
США,Дэвид Уорк Гриффит,драматический фильм,5.5,The Telephone Girl and the Lady,1913
Великобритания,Кен О'Нил Роджер Уотерс,арт-рок,8.6,The Wall: Live in Berlin,1990
США,Дэвид Уорк Гриффит,драматический фильм,5.3,The Rocky Road,1910
США,Берт Кеннеди,,4.4,The Trouble with Spies,1987
США,Мартин Скорсезе,Документальный фильм,7.1,The Rolling Stones. Да будет свет,2008
США,Аллан Дуон,драматический фильм,,The Restless Spirit,1913
США,Оскар Апфель Уильям Ч. де Милль Сесил Б. ДеМилль Томас Н. Хеффрон,драматический фильм,,The Only Son,1914
США,Д. Росс Ледерман,Детективный фильм Комедия,5.5,"Пресловутый Одинокий волк .mw-parser-output .ts-fix-template{white-space:nowrap}.mw-parser-output .ts-fix-error{font-size:inherit}@media screen{.mw-parser-output .ts-fix-text{border:1px solid #a2a9b1;box-decoration-break:clone;margin:0 -0.1em;padding:0 0.1em;transition:background 0.1s}.mw-parser-output .ts-fix-text:hover{background:#fee7e6}}@media screen and (hover:hover){.mw-parser-output .ts-fix-comment,.mw-parser-output .ts-fix-commented>a:not(:hover){border-bottom:1px dotted;text-decoration:none}} [ источник не указан 29 дней ]",1946
США,Джеймс Сирл Доули,драматический фильм,5.0,The Old Monk's Tale,1913
Великобритания,Софи Бартез,комедия,5.6,The Pod Generation,2023
США,Оскар Апфель Сесил Б. ДеМилль,драматический фильм,,The Master Mind,1914
США,Дэвид Уорк Гриффит,драматический фильм,,The Old Bookkeeper,1912
США,"Грег Лански (1—9) Дерек Дозер, Лоран Скай (10—11) Лоран Скай (12) Дерек Дозер, Джулия Гранди, Лоран Скай (13) Джулия Гранди, Лоран Скай (14, 15) Джулия Гранди, Лоран Скай, Мэтт и Эрик (16)",порнофильм,,The Art of Anal Sex,
США,Рокки Шенк,псевдодокументальный фильм,8.6,The Nona Tapes,1995
США,Уилл Айзенберг,,6.5,Массово запутанная тайна средней школы,2015
США,Дэвид Уорк Гриффит,комедия,5.5,The Italian Barber,1911
США,Роберт З. Леонард,драматический фильм,5.0,The Master Key,1914
США,Френсис Боггс,драматический фильм,,The New Superintendent,
США,Дэвид Уорк Гриффит,драматический фильм,3.2,Индусский кинжал,1909
США,неизвестно,боевик,4.8,The Gordon Sisters Boxing,1901
Великобритания,Вилли Кристи,"короткометражный фильм, музыкальный фильм",7.8,Окончательный монтаж (Смертельная рана),1983
США,Уильям Диксон,документальное кино,5.8,Боксирующие коты (проф. Уэлтона),1894
США,Дэвид Уорк Гриффит,комедия,4.5,The Englishman and the Girl,1910
США,Дэвид Уорк Гриффит,драматический фильм,4.6,The Eternal Mother,1912
США,Альберт и Дэвид Мэйслес,документальный фильм,8.0,the Beatles. Первый приезд в США,1994
Великобритания США,Рон Ховард,документальный музыкальный,7.8,Битлз: Восемь дней в неделю,2016
Новая Зеландия Великобритания США,Питер Джексон,документальный музыкальный,9.0,The Beatles: Get Back,2021
Индия,Гьян Корреа,драматический фильм,6.0,The Good Road,2013
США,Уильям Хейз,документальный фильм,4.2,The Ball Game,1898
Франция,Леос Каракс,драма,,Strangulation Blues,1980
США,Кэрролл Флеминг,комедия,,The Amateur Detective,1914
США,Уолтер Буф,фантастика,6.6,Загадочный автомобилист,1906
США,Дэвид Уилер,Интерактивное кино / Психологический триллер,5.4,Смертельная нежность,1998
США,Дэвид Уорк Гриффит,боевик,5.2,The Bandit’s Waterloo,1908
США,Сэм Вренч,"Документальное кино, концертный фильм",8.2,Taylor Swift: The Eras Tour,2023
Великобритания,Дэнни Бойл,"Альтернативный рок, хип-хоп, электронная музыка",7.2,T2: Трейнспоттинг,2017
США,Лайам Линч,комедия / мюзикл,6.8,Медиатор судьбы,2006
США,Бри Миллс,"порнографический фильм, драма, комедия",7.1,Teenage Lesbian,2019
США,Томас Инс,драматический фильм,5.3,Sweet Memories,1911
Австрия,Томас Рот,криминальный фильм,6.4,Tatort: Die Kunst des Krieges,2016
Япония,Синобу Ягути,Комедия,7.5,Swing Girls,2004
США,Сэм Данн,документальный фильм,7.5,Та маленькая старая добрая группа из Техаса,2019
Франция,Николя Бенаму Филипп Лашо,комедия,6.7,Superнянь,2014
США,Грег Моттола,комедия,7.6,SuperПерцы,2007
Великобритания,Антон Корбейн,"альтернативный рок, синти-поп, новая волна",8.8,Strange Too,1990
Великобритания,Антон Корбейн,"альтернативный дэнс, синти-поп,",8.7,Strange,1988
США,Грант Даффрин,,7.4,Shrek Retold,2018
Великобритания Германия,Джейми Кинг,Документальный,6.9,Укради этот фильм,2007
США,Бернард Ковальски,ужасы,5.4,SSSSSSS,1973
США,Джон Тёртелтауб,кинокомедия,6.6,Starперцы,2013
США,,рисованный мультфильм,,Глупые Симфонии,
Англия,Антон Корбейн John Merizalde Pasqual Gutierrez,театральный,7.5,Spirits in the Forest,2019
"США, Канада, Австралия",Стив Биндер Дэвид Акомба ( в титрах не указан ),фантастика,2.2,Звёздные войны: Праздничный спецвыпуск,
Гонконг Китай,Уилсон Ип,боевик,6.9,Ша По Лан. Звезды судьбы,2005
Россия,Михаил Бабаханов,эротическая мистификация,,Sex-вампир в России,1996
США,Аксель Браун,"порнографический фильм, супергеройка, порнопародия",4.6,Человек-паук ХХХ: Порно-пародия,2011
Россия,Арман Геворгян Евгений Невский,комедия мелодрама семейный,2.6,"SOS, Дед Мороз, или Всё сбудется!",2015
США,Аксель Браун,"порнографический фильм, порнопародия, супергеройка",5.8,Человек-паук ХХХ 2: Пародия Акселя Брауна,2014
Россия,Андрей И,Подростковая драма,5.6,S.O.S. Спасите наши души,2005
США,"Ice-T, Энди Бейбатт (сорежиссёр)",Документальный,7.1,Нечто из ничего: Искусство рэпа,2012
ФРГ,Александр Кайдановский Сюзанна Бир Годфри Реджио и др.,музыкальный фильм,7.0,Songlines,
США,Аксель Браун,"порнографический фильм, комедия, экшен, порнопародия",5.9,СпайдиПул XXX: пародия Акселя Брауна,2022
Швеция,Пер Симонссон,"биографический фильм, музыкальный фильм и драматический фильм",,Sommartider – Filmen om Gyllene Tider,2024
США,Джо Берлинджер Брюс Синовски,Документальный фильм,7.5,Some Kind of Monster,
США,Эдвин МакКим,драматический фильм,,Should a Woman Divorce?,1914
Аргентина,Мариано Перальта,триллер,3.4,Снафф 102,2007
США,Колин Кэмпбелл,вестерн,,Shotgun Jones,1914
США,"Би Джей Макдонел, Уэйн Ишэм",Трэш-метал,7.0,Slayer: The Repentless Killogy,2019
Франция,"Клод Мюло ( фр. Claude Mulot, в титрах как Frederic Lansac)",порнофильм,5.7,Shocking! Последняя ночь,1976
США,,Журналистское расследование,7.9,Серийный,
Индия,Харджант Гилл,документальный,,Ушедшие Парни,2016
США,Ли Рой Майерс (англ.) ( рус.,порнопародия,6.9,Клиника: XXX Пародия,2009
Россия,Григорий Добрыгин,драма,5.7,Sheena 667,2021
США,Джеймс Франко,документальный фильм,7.1,Saturday Night (англ.),2010
Великобритания,,Рок,7.7,Serious Moonlight,1984
,Ютака Уэмура,Боевик фэнтези,7.5,Saga of Tanya the Evil: The Movie,2019
Великобритания,Уолтер Буф,драма / фэнтези,5.6,"Скрудж, или Призрак Марли",1901
Великобритания,Джерри Тройна,музыкальный фильм,7.3,Ricochet,
США,Дж. Фаррелл МакДональд,драматический фильм,,Rory o’ the Bogs,
США,Кларк Джонсон,боевик криминал триллер,6.1,S.W.A.T.: Спецназ города ангелов,2003
США,Бенни Бум,боевик,5.2,S.W.A.T.: Огненная буря,2011
Индия,Ярагудипати Варада Рао,фольклор,8.8,Sati Sulochana,1934
Франция […] Камбоджа,Ритхи Пань […],"документальный фильм, исторический фильм и военный фильм",7.2,"S-21, машина смерти Красных кхмеров",2003
США,Гарри Спаркс,порнофильм,7.0,Revenge of the Petites,2012
США,Энтони Мэндлер,"короткометражный фильм, видеоклип",8.4,Ride,2012
США,J. T. S. Moore,Документальный,7.3,Revolution OS,2001
Индия,Джоти Саруп,,,Rehguzar,1985
США,Фил Джоану,Документальный фильм,7.6,Rattle and Hum,
Индия,С. С. Раджамаули,боевик,7.8,RRR: Рядом ревёт революция,2022
США,Ларри Чарльз,документальный комедия,7.6,Верующие,2008
США,Лаура Биалис (Laura Bialis),документальный фильм,8.1,Отказник,2007
Япония,Соити Масуи,романтическая драма научная фантастика,8.2,Rascal Does Not Dream of a Dreaming Girl,2019
Великобритания,David Mallet,музыкальный,9.2,P•U•L•S•E,1994
Румыния Франция Бельгия,Кристиан Мунджиу,драматический фильм,7.2,R.M.N.,2022
Япония,Наоёси Сиотани,"аниме, детектив, антиутопия, киберпанк, триллер",7.4,Психопаспорт 3: Первый инспектор,
Великобритания,Уилльям Баркер,приключенческий фильм и немое кино,,Princess Clementina,1911
Колумбия,Спирос Статулопулос,драма,6.7,PVC-1,2007
Италия,Габриеллино Д’Аннунцио Георг Якоби,"драматический фильм, немое кино и экранизация романа",5.9,Quo Vadis,1924
Россия,Gogol’s Wives,документальный фильм,6.0,Pussy против Путина,2013
США,Дэн Трахтенберг,"Боевик, Фантастика",7.1,Portal: No Escape,
Индия,Суман Мукхопадхьяй,криминальный фильм драма триллер,6.2,Posham Pa,2019
США Мексика,Анхель Грасиа,романтическая кинокомедия,5.5,Prada и чувства,2011
США,"Ренци, Алекс де",порнофильм,6.3,Pretty Peaches,1978
США,Грехем Трэвис,порнофильм,6.7,Portrait of a Call Girl,2011
Германия,Карл Риттер,"военный, пропаганда",6.4,Пур ле мерит,1938
Великобритания,Эдриан Мейбен,музыкальный фильм,8.6,Pink Floyd: Live at Pompeii,
Финляндия,,комедийный фильм,6.8,Поросячьи рассказы,
США Франция,Лино ДиСальво,приключения комедия мультфильм,4.9,Playmobil фильм: Через вселенные,2019
Россия,Руфат Гасанов,Документальный,,"O, Sortie!",2010
Индия,Камал,драма,7.1,Perumazhakkalam,2004
Белоруссия,Андрей Курейчик,комедия,4.3,PARTY-zan фильм,2016
Швеция Дания Финляндия,Рубен Эстлунд,драма,7.1,Игра,2011
США,,драматический фильм комедия,5.8,Peeping Tom,1897
Индия,К. В. Редди,фэнтезийный фильм,8.5,Pathala Bhairavi,1951
Франция,Жак Риветт Сюзанна Шиффман,драматический фильм,7.5,Out 1: не прикасайся ко мне,1971
Великобритания,Чарли Лайн,"документальный фильм, экспериментальный кинематограф, несюжетный фильм, однокадровый фильм и протестное искусство",9.2,Paint Drying,2016
США,"Грег Лански (1—10, 12) Илья Дромбелд, Кайден Кросс, Лоран Скай (11) Джулия Гранди, Лоран Скай (13—16, 18) Дерек Дозер, Джулия Гранди, Илья Дромбелд, Лоран Скай (17) Дерек Дозер, Джулия Гранди (19)",порнофильм,,Natural Beauties,
Индия,Р. Н. К. Прасад,драматический фильм,,Naguva Hoovu,1971
Индия,Т. Раджендар,музыкальный фильм и романтический фильм,7.9,Oru Thalai Ragam,1980
США,"Грег Лански (1—13) Дерек Дозер, Кайден Кросс, Лоран Скай (14) Дерек Дозер, Лоран Скай (15)",порнофильм,,My First Interracial,
США,Ричард Лагравенезе,драма / мелодрама,7.0,P. S. Я люблю тебя,2007
Россия,Надежда Михалкова,короткометражный фильм,5.1,"One Mango, Please",2020
США,Роберт М. Янг,драматический фильм,6.0,One Trick Pony,1980
США,Дэвид Уорк Гриффит,драматический фильм,6.6,One Touch of Nature,1909
Великобритания,Джейк Скотт,"документальное кино, фильм-концерт",8.0,Oasis: концерт в Небуорте 1996,2021
ФРГ,Михаэль Ферхёвен,военный фильм и драматический фильм,7.1,o.k.,1970
Великобритания США,Морган Сперлок,документальный фильм музыкальный фильм,4.3,One Direction: Это мы,2013
Япония,Акио Нисидзава,"аниме, биография, драма",6.9,Нитабо: Слава создавшего цугару-дзямисэн,
"Израиль, Украина","Лев Прудкин, Владимир Прудкин","драма, триллер",5.4,NO-ONE,2018
Россия,Олег Фомин,криминальный фильм трагикомедия,6.4,Next (Следующий),
Нидерланды,,немецкая телекомедия,7.2,New Kids,
Италия,Альдо Гримальди,комедийный фильм,5.0,Nel sole,1967
Индия,П. Бхаскаран Раму Кариат,мелодрама,7.8,Neelakuyil,1954
Индия,Вижай,filmi,8.1,Naa Ninna Bidalaare,1979
США,Харольд Энтвистл,драматический фильм,,Mrs. Wiggs of the Cabbage Patch,1914
США Великобритания Франция Филиппины,Скотт Во,"боевик, триллер, драма, криминал",6.4,Need for Speed: Жажда скорости,2014
Дания,Bjornstjerne Reuter Christiansen Jakob Fenger Rasmus Nielsen Superflex,документальный фильм и экспериментальный кинематограф,6.3,Modern Times Forever,2011
США,Дженнифер Сибел Ньюсом,документальный фильм,7.5,Мисс Репрезентация,2011
США,Дэвид Уорк Гриффит,комедия,5.2,Mr. Jones Has a Card Party,1909
"ФРГ, Франция, Люксембург",Барбе Шрёдер,драматический фильм,6.4,More,1969
Эстония,Борис Гуц,политический триллер,5.9,MINSK,2022
Великобритания,Saul Metzstein,документальный фильм,7.4,Micro Men,2009
Великобритания,Грант Ги,документальный фильм,7.4,Meeting People Is Easy,1998
США,Пол Овенс,документальное кино,7.1,Minecraft: История Mojang,2012
Швеция,,,7.5,Minecraft Multiplayer Fun,2010
США Япония,Джордан Вот-Робертс,"боевик, фантастика, приключенческий фильм",,Metal Gear Solid,
США,См. ниже,короткометражка боевик приключения научная фантастика,6.4,Короткометражки Marvel,
Индия,Нарасимха,"боевик, драма, триллер",5.4,Mass Leader,2017
США,Брэдфорд Мэй,драматический фильм и биографический фильм,4.7,Madonna: Innocence Lost,
Нигерия,Seyi Babatope,драматический фильм,5.3,Mama Drama,2020
Индия,С. В. Кумар,боевик научная фантастика детектив,7.2,Maayavan,2017
США,Ол Паркер,мюзикл,6.6,Mamma Mia! 2,2018
США,Курт Кобейн,хоррор психоделика,,Kurt’s Bloody Suicide,1982
США,Нимрод Антал,"хеви-метал, трэш-метал",7.1,Metallica: Сквозь невозможное,2013
США,Дэвид Уорк Гриффит,драма,,Love Finds a Way,1909
Великобритания,Джефф Грант,социальная реклама,7.1,Одинокая вода,1973
Россия,Игорь Твердохлебов,комедия мелодрама,5.3,Love,2021
Франция,Анри Эльман,исторический фильм и драматический фильм,7.3,"Людовик XI, расколотая власть",
Великобритания,Malcolm J Thomson,Музыкальный фильм,6.8,Любить тебя до вторника,1969
Латвия,Аскольд Саулитис,документальный,,Keep smiling!,2003
США,Альберт Мэйслес Брэдли Каплан,документальный,6.5,"Любовь, которую мы даём",2011
Япония,Хидэо Наката,"детектив, боевик",6.0,Л: Изменить мир,2008
Индия,Кришнан-Панджу,"комедия-драма, музыкальный фильм, семейный фильм",6.9,Kuzhandaiyum Deivamum,1965
США,Джонасон Поли Джесси Перротта (помощник режиссёра),,8.5,Live Action Toy Story,2013
Франция,Жиль Леллуш,"драматический фильм, романтический фильм, музыкальный фильм и романтическая комедия",,L’Amour ouf,2024
США,Себастьян Джонс (англ.) ( рус. Рамез Силян,документальный,7.5,Lil Peep: всё для всех,2019
Великобритания,Ян Макартур,музыкальный фильм,7.7,La Carrera Panamericana,1992
Российская империя,Владислав Старевич,немое кино,7.3,Lucanus Cervus,1910
США,"Грег Лански (1—10) Дерек Дозер, Лоран Скай (11) Лоран Скай (12) Джулия Гранди, Лоран Скай (13, 14)",порнофильм,,Interracial Icon,
Турция,Celal Çimen,боевик и детективный фильм,1.7,Kod Adı K.O.Z.,2015
США,Гордон Хесслер,Комедия,4.6,Kiss встречает привидение парка,1978
Великобритания США,Мэттью Вон,"боевик, фантастический триллер, приключение",6.3,King's Man: Начало,2021
Великобритания,Николас Стил,порнопародия и порнофильм,6.6,Женщина-кошка ХХХ,2011
Великобритания США,Мэттью Вон,"боевик, шпионская фантастика, комедия, драма",7.7,Kingsman: Секретная служба,2015
США Великобритания,Мэттью Вон,"Боевик, шпионская фантастика, комедия",6.7,Kingsman: Золотое кольцо,2017
США,Чарли Шмидт,комедия,8.7,«Кот-пианист» («Кошка-пианистка»),
Франция,Дэвид Кейдж,"короткометражный фильм, фантастика",8.2,Кара,2012
Индия США,Ван Партибл - Сайлас Хикки Эндрю Оои CJ See,комедия,5.9,Джонни Браво едет в Болливуд,
США,Томми Оливер,документальный фильм,7.6,Juice WRLD: В бездну,1986
Япония,"Исида, Хидэнори",постапокалиптический фильм,6.6,Kamen Rider Kabuto: God Speed Love,2006
